City,Lat,Long,Temp,Max Temp,Min Temp,Humidity,Clouds,Wind,Country,Datetime
carnarvon,-24.8667,113.6333,24.22,24.22,24.22,76,0,8.94,AU,1674925349
hithadhoo,-0.6,73.0833,27.66,27.66,27.66,76,88,5.64,MV,1674925220
mahebourg,-20.4081,57.7,26.25,26.25,26.25,85,76,1.79,MU,1674925350
fairbanks,64.8378,-147.7164,-9.3,-8.84,-12.81,83,100,0.28,US,1674925350
faanui,-16.4833,-151.75,27.24,27.24,27.24,72,13,6.48,PF,1674925350
anguillara sabazia,42.0875,12.2767,6.41,7.5,5.06,68,78,2.54,IT,1674925351
butaritari,3.0707,172.7902,27.18,27.18,27.18,78,13,11.49,KI,1674925352
guerrero negro,27.9769,-114.0611,16.25,16.25,16.25,47,94,2.02,MX,1674925352
khatanga,71.9667,102.5,-31.9,-31.9,-31.9,90,30,3.93,RU,1674925352
victoria,22.2855,114.1577,12.5,13.03,10.53,29,25,5.36,HK,1674925258
hermanus,-34.4187,19.2345,18.22,18.22,18.22,70,100,7.69,ZA,1674925352
hilo,19.7297,-155.09,20.17,21.27,18.3,89,100,1.79,US,1674925353
upernavik,72.7868,-56.1549,-18.66,-18.66,-18.66,92,100,1.27,GL,1674925353
punta arenas,-53.15,-70.9167,15.62,15.62,15.62,48,70,8.61,CL,1674925353
albany,42.6001,-73.9662,6.01,6.83,4.65,48,41,1.34,US,1674925354
honiara,-9.4333,159.95,25.79,25.79,25.79,86,97,0.54,SB,1674925354
marawi,7.9986,124.2928,19.76,19.76,19.76,97,85,1.02,PH,1674925354
new norfolk,-42.7826,147.0587,13.1,15.72,12.18,65,48,1.01,AU,1674925355
nemuro,43.3236,145.575,-8.26,-8.26,-8.26,71,89,10.44,JP,1674925206
manoel urbano,-8.8389,-69.2597,28.9,28.9,28.9,71,88,2.27,BR,1674925355
sterling,39.0062,-77.4286,10.3,11.86,8.75,46,75,6.26,US,1674925355
sisimiut,66.9395,-53.6735,-10.77,-10.77,-10.77,83,100,8.09,GL,1674925355
yenagoa,4.9247,6.2642,28.07,28.07,28.07,71,98,3.33,NG,1674925355
port alfred,-33.5906,26.891,20.1,20.1,20.1,91,39,1.79,ZA,1674925356
yumen,40.2833,97.2,-8.84,-8.84,-8.84,36,3,5.19,CN,1674925356
mataura,-46.1927,168.8643,9.07,9.07,9.07,98,0,0.38,NZ,1674925356
hobart,-42.8794,147.3294,14.81,15.92,12.37,82,38,2.57,AU,1674925065
lebu,-37.6167,-73.65,18.2,18.2,18.2,63,0,9.18,CL,1674925356
xiuyan,40.2928,123.2744,-8.44,-8.44,-8.44,58,2,0.98,CN,1674925356
solnechnyy,50.7214,136.6319,-31.04,-31.04,-31.04,96,33,1.72,RU,1674925357
kursavka,44.4564,42.5093,-0.63,-0.63,-0.63,92,100,4.17,RU,1674925357
buchanan,5.8808,-10.0467,28.16,28.16,28.16,69,62,4.61,LR,1674925357
kavaratti,10.5669,72.642,26.69,26.69,26.69,72,4,4.55,IN,1674925358
baruun-urt,46.6806,113.2792,-15.31,-15.31,-15.31,85,25,4.22,MN,1674925358
mehamn,71.0357,27.8492,-4.03,-0.05,-4.03,86,100,4.12,NO,1674925358
puerto ayora,-0.7393,-90.3518,26.42,26.42,26.42,88,51,2.68,EC,1674925358
waddan,29.1614,16.139,12.89,12.89,12.89,25,0,3.13,LY,1674925359
rikitea,-23.1203,-134.9692,25.81,25.81,25.81,74,62,4.62,PF,1674925359
general roca,-39.0333,-67.5833,35.35,35.35,35.35,18,0,6.63,AR,1674925359
vaini,-21.2,-175.2,27.06,27.06,27.06,77,55,2.88,TO,1674925359
ushuaia,-54.8,-68.3,14.81,14.81,14.79,47,20,11.83,AR,1674925081
cidreira,-30.1811,-50.2056,27.97,27.97,27.97,69,38,5.2,BR,1674925360
severo-kurilsk,50.6789,156.125,-3.79,-3.79,-3.79,74,100,6.15,RU,1674925360
hamilton,39.1834,-84.5333,9.19,10.36,7.36,56,0,5.66,US,1674925360
pacific grove,36.6177,-121.9166,9.06,10.24,6.82,89,0,3.58,US,1674925361
yulara,-25.2406,130.9889,23.95,23.95,23.95,76,100,1.45,AU,1674925164
georgetown,5.4112,100.3354,26.96,26.96,26.64,69,20,4.63,MY,1674925313
kapaa,22.0752,-159.319,18.68,19.5,17.84,78,76,0.45,US,1674925361
arraial do cabo,-22.9661,-42.0278,30.92,30.92,30.92,70,0,7.72,BR,1674925362
ilulissat,69.2167,-51.1,-8.99,-8.99,-8.99,79,75,7.2,GL,1674925362
marzuq,14.4,46.4667,17.84,17.84,17.84,62,87,2.48,YE,1674925362
nhulunbuy,-12.2333,136.7667,25.34,25.34,25.34,94,40,1.54,AU,1674925362
balkanabat,39.5108,54.3671,3.72,3.72,3.72,45,0,2.88,TM,1674925363
thompson,55.7435,-97.8558,-25.12,-25.12,-25.12,90,90,4.27,CA,1674925363
busselton,-33.65,115.3333,14.32,14.32,14.32,72,29,6.27,AU,1674925209
rio gallegos,-51.6226,-69.2181,23.17,23.17,23.17,27,20,7.3,AR,1674925363
cedar city,37.6775,-113.0619,-2.46,-2.46,-2.46,74,0,0.0,US,1674925363
logan lake,50.4998,-120.8025,-7.1,-7.1,-7.1,91,91,3.73,CA,1674925364
yarkovo,57.4028,67.0786,-8.25,-8.25,-8.25,94,88,2.46,RU,1674925364
leh,34.1667,77.5833,-10.1,-10.1,-10.1,79,99,1.11,IN,1674925364
ponta do sol,32.6667,-17.1,16.44,17.62,15.35,65,81,3.0,PT,1674925364
jamestown,42.097,-79.2353,1.73,1.8,-0.16,60,20,8.23,US,1674925133
tuktoyaktuk,69.4541,-133.0374,-26.52,-26.52,-26.52,98,25,4.98,CA,1674925365
pevek,69.7008,170.3133,-19.42,-19.42,-19.42,93,100,1.37,RU,1674925366
cabo san lucas,22.8909,-109.9124,22.03,22.17,20.1,63,20,1.54,MX,1674925366
puerto del rosario,28.5004,-13.8627,17.86,17.86,17.86,59,75,9.77,ES,1674925366
saskylakh,71.9167,114.0833,-41.34,-41.34,-41.34,100,98,1.36,RU,1674925366
chuy,-33.6971,-53.4616,26.12,26.12,26.12,67,98,2.22,UY,1674925366
ribeira grande,38.5167,-28.7,16.22,16.22,15.99,67,40,5.66,PT,1674925367
wakkanai,45.4094,141.6739,-6.41,-6.41,-6.41,79,99,13.15,JP,1674925070
fortuna,40.5982,-124.1573,7.39,8.29,4.08,91,100,3.09,US,1674925367
bahia honda,22.9036,-83.1592,27.42,27.42,27.42,63,56,5.38,CU,1674925367
mandalgovi,45.7625,106.2708,-11.94,-11.94,-11.94,71,0,3.21,MN,1674925367
lorengau,-2.0226,147.2712,26.91,26.91,26.91,81,47,2.56,PG,1674925367
tromso,69.6496,18.957,-0.35,0.01,-0.35,86,75,8.75,NO,1674925368
poum,-20.2333,164.0167,26.53,26.53,26.53,79,100,3.25,NC,1674925368
san patricio,28.017,-97.5169,18.57,19.93,16.2,86,99,4.27,US,1674925368
smolenka,52.1352,113.4974,-10.96,-10.96,-10.96,62,8,7.0,RU,1674925368
shaunavon,49.6501,-108.4181,-19.52,-19.52,-19.52,90,94,7.52,CA,1674925369
lensk,60.7253,114.9278,-25.17,-25.17,-25.17,100,100,1.11,RU,1674925177
husavik,66.0449,-17.3389,3.19,3.19,3.19,87,100,4.72,IS,1674925369
saldanha,-33.0117,17.9442,17.82,17.82,17.82,71,50,15.11,ZA,1674925370
east london,-33.0153,27.9116,22.42,22.42,22.42,82,71,9.12,ZA,1674925370
kochi,9.9399,76.2602,25.99,25.99,25.99,77,1,1.96,IN,1674924861
kabinda,-6.1333,24.4833,21.03,21.03,21.03,90,67,1.97,CD,1674925370
la rioja,42.25,-2.5,0.88,0.88,0.88,96,100,5.08,ES,1674925370
provideniya,64.3833,-173.3,-9.36,-9.36,-9.36,96,100,1.16,RU,1674925371
turochak,52.2576,87.1224,-19.1,-19.1,-19.1,100,80,1.26,RU,1674925371
asau,46.4333,26.4,-1.49,-1.49,-1.51,87,100,2.67,RO,1674925371
linxia,35.6003,103.2064,-7.62,-7.62,-7.62,67,0,0.56,CN,1674925371
qasigiannguit,68.8193,-51.1922,-8.86,-8.86,-8.86,88,100,5.82,GL,1674925371
abu samrah,35.3029,37.1841,12.78,12.78,12.78,69,68,3.53,SY,1674925371
dubbo,-32.25,148.6167,22.07,22.07,22.07,64,100,2.06,AU,1674925213
taoudenni,22.6783,-3.9836,20.65,20.65,20.65,17,39,1.49,ML,1674925372
great yarmouth,52.6083,1.7305,5.15,5.57,4.97,87,69,2.7,GB,1674925372
zeya,53.75,127.2667,-36.48,-36.48,-36.48,100,73,1.29,RU,1674925372
leningradskiy,69.3833,178.4167,-16.95,-16.95,-16.95,95,100,5.29,RU,1674925373
arlit,18.7369,7.3853,24.92,24.92,24.92,9,57,4.25,NE,1674925373
qaanaaq,77.484,-69.3632,-19.58,-19.58,-19.58,59,6,4.2,GL,1674925373
beringovskiy,63.05,179.3167,-9.53,-9.53,-9.53,97,93,3.15,RU,1674925373
liku,-0.7275,119.8922,24.36,24.36,24.36,89,100,0.64,ID,1674925373
barrow,71.2906,-156.7887,-22.99,-22.99,-22.99,77,75,6.69,US,1674925244
lata,40.1629,-8.3327,12.12,12.12,11.71,56,0,3.32,PT,1674925374
port elizabeth,-33.918,25.5701,17.78,18.16,17.4,97,100,6.17,ZA,1674925335
pochutla,15.7432,-96.4661,31.57,31.57,30.9,38,0,2.66,MX,1674925374
merrill,45.1805,-89.6835,-12.89,-11.17,-13.9,75,100,0.45,US,1674925374
dikson,73.5069,80.5464,-24.41,-24.41,-24.41,97,100,3.77,RU,1674925374
palmer,42.1584,-72.3287,7.62,8.84,6.34,47,22,3.13,US,1674925375
bluff,-46.6,168.3333,14.3,14.3,14.3,80,31,2.47,NZ,1674925375
laguna,38.421,-121.4238,6.12,10.6,4.47,90,0,0.0,US,1674925375
cape town,-33.9258,18.4232,19.03,20.06,18.27,56,40,12.35,ZA,1674925145
narsaq,60.9167,-46.05,-3.88,-3.88,-3.88,69,100,10.22,GL,1674925375
fairview,40.8126,-73.999,9.29,10.86,7.89,46,0,6.69,US,1674925376
mar del plata,-38.0023,-57.5575,22.8,27.13,21.04,81,63,2.68,AR,1674925376
aksu,41.1231,80.2644,-11.86,-11.86,-11.86,90,79,1.94,CN,1674925376
gigmoto,13.7796,124.39,24.07,24.07,24.07,91,100,10.46,PH,1674925376
kodiak,57.79,-152.4072,-0.27,-0.27,-0.27,100,100,2.57,US,1674925377
lagoa,39.05,-27.9833,14.03,14.03,14.03,78,70,5.92,PT,1674925377
sola,-13.8833,167.55,27.6,27.6,27.6,74,63,3.45,VU,1674925378
ostrovskoye,57.8057,42.2433,-19.72,-19.72,-19.72,100,68,1.71,RU,1674925378
klaksvik,62.2266,-6.589,6.51,6.51,6.51,84,100,12.43,FO,1674925379
pascagoula,30.3658,-88.5561,17.19,18.0,15.84,45,0,5.66,US,1674925379
son la,21.3167,103.9,7.44,7.44,7.44,67,1,1.42,VN,1674925203
ostrovnoy,68.0531,39.5131,-2.27,-2.27,-2.27,87,100,11.96,RU,1674925379
mount isa,-20.7333,139.5,24.87,24.87,24.87,78,40,5.14,AU,1674925204
salalah,17.0151,54.0924,24.05,24.05,24.05,35,0,4.63,OM,1674925380
tasiilaq,65.6145,-37.6368,-3.91,-3.91,-3.91,95,100,5.22,GL,1674925380
umm kaddadah,13.6017,26.6876,26.24,26.24,26.24,8,92,5.34,SD,1674925380
castro,-24.7911,-50.0119,28.25,28.25,28.25,46,0,2.69,BR,1674925381
san quintin,30.4833,-115.95,14.36,14.36,14.36,47,87,1.52,MX,1674925381
urusha,54.05,122.9,-29.76,-29.76,-29.76,99,100,0.74,RU,1674925381
haradok,55.4624,29.9816,-8.53,-8.53,-8.53,99,37,1.21,BY,1674925381
iqaluit,63.7506,-68.5145,-40.92,-40.92,-40.92,88,22,1.4,CA,1674925357
avarua,-21.2078,-159.775,26.03,26.03,26.03,83,40,4.63,CK,1674925381
valparaiso,-33.0393,-71.6273,19.71,21.67,19.71,100,0,3.42,CL,1674925382
bonavista,48.6499,-53.1147,-3.35,-3.35,-3.35,60,40,1.51,CA,1674925382
dakar,14.6937,-17.4441,32.49,32.49,32.49,59,47,8.7,SN,1674925213
nipawin,53.3668,-104.0009,-23.7,-23.7,-23.7,91,17,4.48,CA,1674925382
pendleton,45.6721,-118.7886,3.25,4.23,1.67,85,100,4.12,US,1674925383
duku,11.2361,4.9073,34.78,34.78,34.78,8,88,2.89,NG,1674925383
kaitangata,-46.2817,169.8464,9.71,9.71,9.71,92,5,1.44,NZ,1674925383
sydney,-33.8679,151.2073,23.46,24.24,22.49,90,67,1.34,AU,1674924792
verkhoyansk,67.5447,133.385,-48.58,-48.58,-48.58,100,81,0.61,RU,1674925212
namibe,-15.1961,12.1522,24.75,24.75,24.75,80,99,5.0,AO,1674925384
krasnaya gora,52.9995,31.6023,-1.92,-1.92,-1.92,78,99,1.85,RU,1674925384
bulawayo,-20.15,28.5833,24.87,24.87,24.87,29,11,1.5,ZW,1674925384
fort collins,40.5853,-105.0844,-3.52,0.09,-4.76,83,100,2.24,US,1674925385
sorong,-0.8833,131.25,25.89,25.89,25.89,84,100,0.64,ID,1674925385
saint george,37.1041,-113.5841,4.61,4.68,2.33,61,0,0.89,US,1674925386
nikolskoye,59.7035,30.7861,-5.06,-5.05,-5.68,87,97,5.12,RU,1674925386
encruzilhada,-15.5314,-40.9094,25.71,25.71,25.71,74,94,2.09,BR,1674925387
rio grande,-32.035,-52.0986,29.44,29.44,29.44,63,75,4.54,BR,1674925387
olga,43.7444,135.2892,-19.15,-19.15,-19.15,67,0,5.41,RU,1674925387
lewistown,40.5992,-77.5714,9.37,10.45,7.78,70,0,4.63,US,1674925387
the valley,18.217,-63.0578,25.33,25.61,25.05,71,14,7.91,AI,1674925388
bilma,18.6853,12.9164,28.7,28.7,28.7,9,100,3.55,NE,1674925388
norman wells,65.282,-126.8329,-30.11,-30.11,-30.11,97,42,1.85,CA,1674925388
vinh,18.6667,105.6667,12.61,12.61,12.61,71,29,1.52,VN,1674924919
acapulco,16.8634,-99.8901,29.9,29.9,29.9,51,0,1.54,MX,1674925389
vestmannaeyjar,63.4427,-20.2734,7.52,7.52,7.52,84,90,11.03,IS,1674925389
cairns,-16.9167,145.7667,25.52,26.7,25.06,94,40,2.57,AU,1674924988
portland,45.5234,-122.6762,5.67,6.99,3.85,95,100,2.24,US,1674925284
cadillac,44.2519,-85.4012,-5.05,-5.05,-5.11,68,40,2.06,US,1674925390
port keats,-14.25,129.55,27.07,27.07,27.07,80,100,2.58,AU,1674925390
port hedland,-20.3167,118.5667,28.03,28.03,28.03,83,40,0.0,AU,1674925211
maceio,-9.6658,-35.7353,30.69,30.69,30.69,58,20,6.69,BR,1674925391
narrabri,-30.3167,149.7833,27.51,27.51,27.51,55,42,1.79,AU,1674925391
warrington,53.3925,-2.5802,6.72,7.79,6.04,94,100,3.6,GB,1674925392
vila,42.0304,-8.1588,4.28,5.49,4.28,68,15,3.69,PT,1674925392
gayny,60.3071,54.3241,-9.89,-9.89,-9.89,90,83,3.69,RU,1674925392
goroka,-6.0834,145.3873,16.11,16.11,16.11,97,94,0.43,PG,1674925392
atuona,-9.8,-139.0333,25.95,25.95,25.95,79,97,9.13,PF,1674925393
homer,59.6425,-151.5483,1.56,3.76,1.56,81,100,4.02,US,1674925335
shitanjing,39.2342,106.3439,-7.16,-7.16,-7.16,31,0,5.12,CN,1674925393
guabito,9.5,-82.6167,23.02,23.02,23.02,87,93,2.04,PA,1674925393
gornyak,50.9942,81.4661,-12.71,-12.71,-12.71,71,0,6.55,RU,1674925393
hawalli,29.2833,47.9972,15.55,16.62,12.05,58,0,2.06,KW,1674925394
malindi,-3.2175,40.1191,25.0,25.0,25.0,78,5,6.47,KE,1674925394
show low,34.2542,-110.0298,3.63,4.45,2.56,33,100,9.77,US,1674925394
broome,42.2506,-75.833,4.81,6.11,3.43,53,0,6.17,US,1674925394
alyangula,-13.8483,136.4192,26.82,26.82,26.82,81,99,1.96,AU,1674925395
carmen,18.6333,-91.8333,25.02,25.02,25.02,73,40,5.66,MX,1674925395
arroyo,41.6096,-4.7969,4.72,5.06,4.22,60,14,1.34,ES,1674925395
bambous virieux,-20.3428,57.7575,26.23,26.23,26.23,85,78,2.07,MU,1674925395
jiupu,41.0667,122.95,-6.51,-6.51,-6.51,59,12,4.13,CN,1674925395
rzhaksa,52.1338,42.0264,-10.22,-10.22,-10.22,93,84,2.82,RU,1674925396
cabedelo,-6.9811,-34.8339,30.37,30.37,30.37,59,9,6.77,BR,1674925396
panguipulli,-39.6333,-72.3333,26.5,26.5,26.5,26,0,2.25,CL,1674925396
lahaina,20.8783,-156.6825,20.86,21.58,18.48,99,100,5.53,US,1674925396
saint-philippe,-21.3585,55.7679,26.77,26.77,25.06,90,100,0.94,RE,1674925397
airai,-8.9266,125.4092,16.29,16.29,16.29,93,93,0.48,TL,1674925397
ambilobe,-13.2,49.05,24.89,24.89,24.89,89,79,1.29,MG,1674925397
roma,43.2128,-75.4557,3.74,4.42,3.06,70,64,6.14,US,1674925398
bredasdorp,-34.5322,20.0403,16.89,16.89,16.89,66,100,6.03,ZA,1674925273
ketchikan,55.3422,-131.6461,2.26,4.99,2.26,75,0,3.6,US,1674925398
nabire,-3.3667,135.4833,23.82,23.82,23.82,94,100,2.28,ID,1674925398
shigony,53.3875,48.6777,-15.71,-15.71,-15.71,100,58,0.63,RU,1674925398
yerofey pavlovich,53.9667,121.9667,-26.95,-26.95,-26.95,98,99,0.96,RU,1674925399
olafsvik,64.8945,-23.7142,4.6,4.6,4.6,85,79,8.23,IS,1674925399
luderitz,-26.6481,15.1594,23.06,23.06,23.06,61,0,13.04,NA,1674925220
forlimpopoli,44.1911,12.1287,4.35,6.84,3.53,74,40,1.03,IT,1674925400
doka,13.5167,35.7667,29.23,29.23,29.23,16,63,4.83,SD,1674925400
port lincoln,-34.7333,135.8667,18.0,18.0,18.0,92,100,6.08,AU,1674925400
cherskiy,68.75,161.3,-28.71,-28.71,-28.71,95,100,0.55,RU,1674925400
makakilo city,21.3469,-158.0858,20.18,21.18,18.58,78,0,4.63,US,1674925401
ypsonas,34.6884,32.9574,14.63,16.47,14.54,67,0,3.6,CY,1674925402
mitu,1.1983,-70.1733,32.83,32.83,32.83,36,88,2.07,CO,1674925402
manokwari,-0.8667,134.0833,25.4,25.4,25.4,84,100,1.37,ID,1674925402
carthage,36.8611,10.3316,11.74,11.74,11.74,54,40,4.12,TN,1674925402
clyde river,70.4692,-68.5914,-19.87,-19.87,-19.87,84,100,10.8,CA,1674925351
fengrun,39.8333,118.1167,-4.29,-4.29,-4.29,32,0,2.92,CN,1674925403
temerloh,3.4483,102.4176,22.77,22.77,22.77,99,100,0.89,MY,1674925403
cruzeiro do oeste,-23.785,-53.0733,32.95,32.95,32.95,41,7,2.24,BR,1674925403
gwanda,-20.9333,29.0,28.26,28.26,28.26,27,57,3.2,ZW,1674925404
carauari,-4.8828,-66.8958,24.22,24.22,24.22,91,100,1.15,BR,1674925404
disna,55.568,28.1971,-9.66,-9.66,-9.66,98,31,1.66,BY,1674925404
itarema,-2.9248,-39.9167,30.27,30.27,30.27,59,30,6.99,BR,1674925405
biak,-0.9131,122.8766,24.59,24.59,24.59,87,94,1.05,ID,1674925405
plouzane,48.3833,-4.6167,6.07,6.18,6.03,70,100,4.63,FR,1674925405
kiruna,67.8557,20.2251,-6.49,-6.49,-6.49,73,0,4.12,SE,1674925406
aklavik,68.2191,-135.0107,-25.79,-25.79,-25.79,95,52,6.83,CA,1674925406
longyearbyen,78.2186,15.6401,-5.09,-5.09,-5.09,74,40,8.23,SJ,1674925406
marsabit,2.3284,37.9899,23.41,23.41,23.41,30,0,4.16,KE,1674925407
ponta delgada,37.7333,-25.6667,14.4,14.4,14.4,77,40,6.69,PT,1674925407
lompoc,34.6391,-120.4579,9.67,10.85,8.08,84,100,1.54,US,1674925407
los llanos de aridane,28.6585,-17.9182,14.51,15.86,14.51,82,75,8.23,ES,1674925408
liuzhou,24.3126,109.3892,9.18,9.18,9.18,25,66,2.46,CN,1674925408
matay,28.419,30.7792,20.26,20.26,20.26,17,87,4.01,EG,1674925408
daru,-9.0763,143.2092,26.61,26.61,26.61,83,83,2.37,PG,1674925409
nerchinskiy zavod,51.3088,119.61,-31.85,-31.85,-31.85,100,82,0.53,RU,1674925409
channel-port aux basques,47.5702,-59.1367,-1.64,-1.64,-1.64,63,89,5.62,CA,1674925409
severodvinsk,64.5635,39.8302,-1.94,-1.94,-2.16,83,100,7.59,RU,1674925410
souillac,-20.5167,57.5167,26.59,26.59,26.59,86,81,2.58,MU,1674925410
sobolevo,54.4299,31.8996,-3.55,-3.55,-3.55,88,89,0.64,RU,1674925411
botou,38.0667,116.5667,-1.81,-1.81,-1.81,24,0,4.53,CN,1674925411
belaya gora,68.5333,146.4167,-37.06,-37.06,-37.06,100,100,1.11,RU,1674925411
kijang,35.2442,129.2139,-0.75,-0.75,-0.75,61,3,4.12,KR,1674925412
ust-nera,64.5667,143.2,-36.33,-36.33,-36.33,98,87,1.24,RU,1674925412
sawakin,19.1059,37.3321,24.43,24.43,24.43,75,54,3.17,SD,1674925412
estelle,29.8458,-90.1067,19.06,20.56,17.78,55,40,7.2,US,1674925412
egvekinot,66.3167,-179.1667,-10.92,-10.92,-10.92,97,100,0.97,RU,1674925413
rio brilhante,-21.8019,-54.5464,32.28,32.28,32.28,49,23,3.23,BR,1674925413
singaraja,-8.112,115.0882,24.69,24.69,24.69,93,100,2.04,ID,1674925413
vila velha,-20.3297,-40.2925,29.41,29.97,29.41,76,20,6.69,BR,1674925413
mantua,45.1667,10.7833,4.91,5.34,3.86,70,14,0.45,IT,1674925414
kharp,66.8014,65.8081,-18.7,-18.7,-18.7,93,74,3.05,RU,1674925414
chajul,15.4853,-91.0342,19.02,19.02,19.02,53,36,2.57,GT,1674925414
mogadishu,2.0371,45.3438,24.98,24.98,24.98,80,0,10.49,SO,1674925415
lagos,6.5833,3.75,29.07,29.07,29.07,70,89,4.57,NG,1674925415
sitka,57.0531,-135.33,0.94,0.94,0.94,80,0,2.06,US,1674925416
bethel,41.3712,-73.414,8.14,9.7,6.49,50,0,5.66,US,1674925416
afsin,38.2477,36.914,1.12,1.12,1.12,99,100,0.99,TR,1674925416
noumea,-22.2763,166.4572,25.56,25.56,21.99,99,99,2.34,NC,1674924975
igarka,67.4667,86.5833,-16.52,-16.52,-16.52,96,99,4.75,RU,1674925417
caravelas,-17.7125,-39.2481,29.65,29.65,29.65,60,76,5.1,BR,1674925417
san jose,37.3394,-121.895,8.59,11.62,5.72,82,100,1.34,US,1674925211
srednekolymsk,67.45,153.6833,-31.61,-31.61,-31.61,98,96,0.66,RU,1674925417
anadyr,64.75,177.4833,-8.61,-8.61,-8.61,94,98,2.96,RU,1674925418
conde,-7.2597,-34.9075,29.7,29.7,29.7,58,40,8.23,BR,1674925418
yerbogachen,61.2767,108.0108,-26.7,-26.7,-26.7,100,100,0.48,RU,1674925419
luganville,-15.5333,167.1667,26.65,26.65,26.65,82,9,1.52,VU,1674925419
jardim,-21.4803,-56.1381,33.47,33.47,33.47,43,39,3.13,BR,1674925420
alto araguaia,-17.3147,-53.2153,25.85,25.85,25.85,67,62,4.89,BR,1674925420
dingle,10.9995,122.6711,23.57,23.57,23.57,93,94,5.61,PH,1674925420
ancud,-41.8697,-73.8203,18.12,18.12,18.12,64,24,3.79,CL,1674925421
houma,29.5958,-90.7195,20.26,20.57,19.44,63,0,8.23,US,1674925421
kungalv,57.871,11.9805,2.7,4.54,1.35,95,100,5.13,SE,1674925421
greencastle,39.6445,-86.8647,5.04,8.83,2.59,74,75,3.09,US,1674925421
touros,-5.1989,-35.4608,30.17,30.17,30.17,52,9,7.7,BR,1674925422
torbay,47.6666,-52.7314,-1.31,-0.14,-2.5,65,9,1.34,CA,1674925423
mettlach,49.4935,6.5969,1.18,1.77,0.41,88,42,2.03,DE,1674925423
puteyets,65.1716,57.091,-10.45,-10.45,-10.45,95,100,3.81,RU,1674925424
paris,48.8534,2.3488,2.8,3.38,1.84,72,100,4.63,FR,1674925353
flin flon,54.7682,-101.865,-24.09,-24.09,-24.09,92,50,4.48,CA,1674925424
ushtobe,45.2514,77.9838,-15.42,-15.42,-15.42,94,7,1.48,KZ,1674925424
half moon bay,37.4636,-122.4286,8.57,10.87,6.77,92,100,0.0,US,1674925425
tiarei,-17.5333,-149.3333,26.01,26.01,25.0,75,5,6.94,PF,1674925425
paamiut,61.994,-49.6678,-7.72,-7.72,-7.72,85,100,11.21,GL,1674925426
naze,28.3667,129.4833,10.36,10.36,10.36,64,97,5.23,JP,1674925235
alofi,-19.0595,-169.9187,27.33,27.33,27.33,76,94,5.35,NU,1674925426
atar,20.5169,-13.0499,22.58,22.58,22.58,25,65,5.77,MR,1674925426
sangar,63.9242,127.4739,-45.19,-45.19,-45.19,98,40,0.97,RU,1674925427
kavieng,-2.5744,150.7967,27.85,27.85,27.85,76,16,4.12,PG,1674925428
gien,47.6933,2.6309,2.93,3.08,1.91,80,78,3.47,FR,1674925428
fort nelson,58.8053,-122.7002,-26.94,-26.94,-26.94,100,61,0.87,CA,1674925428
vardo,70.3705,31.1107,0.42,0.42,0.42,98,99,3.95,NO,1674925429
kuala sungai baru,2.3594,102.0353,25.18,25.18,25.18,90,100,3.25,MY,1674925217
verkhnyaya inta,65.9811,60.3094,-12.41,-12.41,-12.41,93,100,5.54,RU,1674925429
severnyy,50.677,36.5532,-3.98,-3.98,-3.98,93,75,4.0,RU,1674925429
sao joao da barra,-21.6403,-41.0511,32.05,32.05,32.05,79,70,5.56,BR,1674925430
tiksi,71.6872,128.8694,-32.37,-32.37,-32.37,99,100,1.62,RU,1674925430
kahului,20.8947,-156.47,20.3,21.02,18.5,96,75,2.57,US,1674925430
mana,5.6592,-53.7767,26.26,26.26,26.26,69,68,3.46,GF,1674925430
rivera,-30.9053,-55.5508,31.1,31.1,31.1,44,100,7.23,UY,1674925430
ugoofaaru,5.6667,73.0,26.78,26.78,26.78,77,7,3.63,MV,1674925201
nanning,22.8167,108.3167,8.25,8.25,8.25,25,24,2.0,CN,1674924966
tautira,-17.7333,-149.15,26.82,26.82,26.82,74,14,6.37,PF,1674925431
cap malheureux,-19.9842,57.6142,26.37,26.37,26.37,83,84,3.08,MU,1674925431
freeport,40.6576,-73.5832,9.49,11.14,7.76,51,0,8.75,US,1674925431
leshukonskoye,64.8989,45.7622,-4.57,-4.57,-4.57,93,100,5.13,RU,1674925432
pangody,65.85,74.4859,-15.04,-15.04,-15.04,96,100,3.46,RU,1674925433
brae,60.3964,-1.353,7.44,7.44,7.44,78,100,7.67,GB,1674925433
taos,36.4072,-105.5731,-0.69,1.22,-1.97,56,0,1.79,US,1674925433
tazovskiy,67.4667,78.7,-15.72,-15.72,-15.72,97,100,1.21,RU,1674925433
sao filipe,14.8961,-24.4956,23.98,23.98,23.98,69,36,4.86,CV,1674925433
frankfurt,50.1167,8.6833,1.31,2.53,0.14,69,100,3.09,DE,1674925375
nome,64.5011,-165.4064,-5.96,-5.47,-5.96,100,100,5.66,US,1674925434
havelock,34.8791,-76.9013,13.01,14.97,11.07,45,0,2.24,US,1674925434
meadow lake,34.8014,-106.5436,2.05,5.94,-0.48,47,0,3.58,US,1674925434
nadym,65.5333,72.5167,-13.41,-13.41,-13.41,96,91,3.13,RU,1674925434
hambantota,6.1241,81.1185,24.7,24.7,24.7,74,100,3.27,LK,1674925341
nola,40.922,14.5329,8.82,9.96,8.42,99,71,3.1,IT,1674925435
karaman,37.0833,33.25,3.94,3.94,3.94,88,64,4.07,TR,1674925436
hastings,50.8552,0.5729,4.41,5.44,2.63,76,16,2.67,GB,1674925213
bara,10.3744,10.7288,31.4,31.4,31.4,12,74,1.58,NG,1674925436
port augusta,-32.5,137.7667,21.48,21.48,21.48,85,100,0.6,AU,1674925436
okhotsk,59.3833,143.3,-24.16,-24.16,-24.16,83,100,5.2,RU,1674925436
oudtshoorn,-33.5907,22.2014,14.2,14.2,14.2,86,100,4.45,ZA,1674925436
waingapu,-9.6567,120.2641,25.91,25.91,25.91,86,100,2.51,ID,1674925437
tuatapere,-46.1333,167.6833,10.93,10.93,10.93,88,7,1.02,NZ,1674925437
condega,13.365,-86.3985,27.08,27.08,27.08,41,78,7.54,NI,1674925437
starovelichkovskaya,45.4288,38.7326,3.41,3.41,3.41,60,100,4.31,RU,1674925437
curaca,-8.9903,-39.9094,35.5,35.5,35.5,23,0,4.64,BR,1674925437
alice springs,-23.7,133.8833,23.75,23.75,23.75,94,93,3.09,AU,1674925438
cayenne,4.9333,-52.3333,26.02,26.02,26.02,83,75,2.06,GF,1674925438
hwange,-18.3693,26.5019,23.37,23.37,23.37,85,55,1.55,ZW,1674925439
juye,35.3947,116.0883,-1.61,-1.61,-1.61,25,0,3.78,CN,1674925439
petauke,-14.2426,31.3253,20.07,20.07,20.07,93,100,1.22,ZM,1674925439
komsomolskiy,40.4272,71.7189,-0.6,-0.6,-0.6,69,100,2.06,UZ,1674925440
ukholovo,53.7929,40.4892,-8.91,-8.91,-8.91,96,63,2.09,RU,1674925440
semenivka,52.1783,32.5818,-2.83,-2.83,-2.83,88,38,2.92,UA,1674925441
esperance,-33.8667,121.9,15.59,15.59,15.59,67,0,4.26,AU,1674925208
kanniyakumari,8.0833,77.5667,24.13,24.13,24.13,76,34,6.11,IN,1674925237
ikeda,34.8221,135.4298,-1.88,2.84,-3.48,92,9,2.43,JP,1674925441
dongkan,33.9997,119.8308,-2.31,-2.31,-2.31,40,0,3.16,CN,1674925441
borodino,55.9106,94.8983,-5.12,-5.12,-5.12,94,100,6.36,RU,1674925442
zhangjiakou,40.81,114.8794,-7.59,-7.59,-7.59,40,0,4.04,CN,1674925442
jutai,-5.1833,-68.9,28.56,28.56,28.56,74,100,0.96,BR,1674925442
bilibino,68.0546,166.4372,-19.9,-19.9,-19.9,94,98,1.99,RU,1674925442
skibbereen,51.55,-9.2667,9.5,9.5,9.5,96,93,1.93,IE,1674925443
suoyarvi,62.0833,32.35,-3.21,-3.21,-3.21,94,100,6.84,RU,1674925443
prince albert,53.2001,-105.7677,-21.85,-21.85,-21.85,91,41,5.2,CA,1674925443
mayahi,13.9553,7.6712,32.07,32.07,32.07,10,88,4.88,NE,1674925443
ouargaye,11.5033,0.0572,34.46,34.46,34.46,9,23,2.58,BF,1674925444
dera ghazi khan,30.0561,70.6348,14.01,14.01,14.01,17,13,2.78,PK,1674925445
darbhanga,26.1667,85.9,15.12,15.12,15.12,59,0,2.71,IN,1674925445
stornoway,58.2093,-6.3865,5.76,6.63,5.58,89,75,3.09,GB,1674925445
aykhal,66.0,111.5,-36.57,-36.57,-36.57,100,99,1.85,RU,1674925445
puerto madryn,-42.7692,-65.0385,28.14,28.14,28.14,26,0,3.07,AR,1674925446
wittingen,52.7269,10.7361,0.58,1.1,-2.48,84,38,2.61,DE,1674925447
vila franca do campo,37.7167,-25.4333,14.23,14.23,14.23,74,63,5.02,PT,1674925447
sao felix do xingu,-6.6447,-51.995,28.35,28.35,28.35,70,98,1.24,BR,1674925447
kamenka,51.3223,42.7678,-9.23,-9.23,-9.23,90,63,2.96,RU,1674925447
bahce,37.1972,36.5766,4.5,4.5,4.5,88,80,2.98,TR,1674925448
rawah,34.4816,41.9093,13.38,13.38,13.38,51,99,8.44,IQ,1674925448
lesnoy,57.6198,63.0784,-13.39,-13.39,-13.39,98,60,2.69,RU,1674925448
veraval,20.9,70.3667,21.7,21.7,21.7,76,0,3.02,IN,1674925448
katsuura,35.1333,140.3,3.71,3.71,3.71,55,39,2.33,JP,1674925269
amurzet,47.6967,131.0981,-32.63,-32.63,-32.63,96,6,2.25,RU,1674925449
khandyga,62.6667,135.6,-47.33,-47.33,-47.33,100,78,1.14,RU,1674925449
grindavik,63.8424,-22.4338,5.26,5.26,5.26,81,75,9.77,IS,1674925449
bereznik,62.8551,42.7072,-5.79,-5.79,-5.79,83,99,4.61,RU,1674925450
ochsenfurt,49.6643,10.0623,-0.27,-0.2,-0.65,85,53,1.99,DE,1674925451
nicoya,10.1483,-85.452,30.26,30.26,30.26,40,29,9.09,CR,1674925451
tura,25.5198,90.2201,16.44,16.44,16.44,46,3,1.21,IN,1674925452
sistranda,63.7256,8.834,2.98,2.98,2.98,75,100,15.35,NO,1674925435
soyo,-6.1349,12.3689,27.04,27.04,27.04,78,84,2.9,AO,1674925453
inirida,3.8653,-67.9239,33.33,33.33,33.33,41,14,1.55,CO,1674925453
ahipara,-35.1667,173.1667,19.15,19.15,19.15,96,82,2.54,NZ,1674925453
ahar,38.4774,47.0699,-1.98,-1.98,-1.98,72,90,3.57,IR,1674925454
kortkeros,61.8106,51.5806,-7.0,-7.0,-7.12,86,100,4.74,RU,1674925454
samut prakan,13.5,100.45,23.05,23.37,22.02,46,8,6.57,TH,1674925454
constitucion,-35.3333,-72.4167,22.77,22.77,22.77,46,2,5.19,CL,1674925455
nanortalik,60.1432,-45.2371,-4.27,-4.27,-4.27,77,100,16.76,GL,1674925455
bathsheba,13.2167,-59.5167,28.34,28.34,28.34,57,40,9.77,BB,1674925455
kamareddi,18.3167,78.35,21.4,21.4,21.4,28,0,2.65,IN,1674925455
urumqi,43.801,87.6005,-20.47,-20.47,-20.47,84,9,0.0,CN,1674925343
dalvik,65.9702,-18.5286,4.15,4.15,4.15,93,98,4.7,IS,1674925456
te anau,-45.4167,167.7167,10.64,10.64,10.64,75,0,0.51,NZ,1674925456
chandrakona,22.7333,87.5167,20.48,20.48,20.48,38,0,3.34,IN,1674925456
bengkulu,-3.8004,102.2655,24.43,24.43,24.43,89,100,4.36,ID,1674925457
port said,31.2565,32.2841,17.84,17.84,17.84,76,39,6.53,EG,1674925457
maniitsoq,65.4167,-52.9,-10.01,-10.01,-10.01,87,100,8.67,GL,1674925457
bichura,50.5881,107.6022,-16.27,-16.27,-16.27,91,91,1.74,RU,1674925458
sambava,-14.2667,50.1667,25.9,25.9,25.9,91,59,2.18,MG,1674925458
labuhan,-6.8844,112.2051,24.43,24.43,24.43,92,100,2.53,ID,1674925458
balaipungut,1.05,101.2833,23.06,23.06,23.06,96,100,1.84,ID,1674925459
lavrentiya,65.5833,-171.0,-8.55,-8.55,-8.55,96,100,0.76,RU,1674925459
kruisfontein,-34.0033,24.7314,16.6,16.6,16.6,85,92,7.7,ZA,1674925459
carutapera,-1.195,-46.02,28.47,28.47,28.47,66,100,2.61,BR,1674925460
marsh harbour,26.5412,-77.0636,21.87,21.87,21.87,71,86,9.06,BS,1674925460
torquay,50.4638,-3.5143,5.09,6.03,4.26,82,76,0.45,GB,1674925460
mazagao,-0.115,-51.2894,29.58,29.58,29.58,60,92,2.43,BR,1674925461
pangnirtung,66.1451,-65.7125,-38.94,-38.94,-38.94,96,99,1.64,CA,1674925461
nantucket,41.2835,-70.0995,9.0,9.06,7.78,69,0,7.2,US,1674925461
pleven,43.4167,24.6167,0.97,0.97,0.97,93,100,2.06,BG,1674925461
coihaique,-45.5752,-72.0662,21.97,22.34,21.97,53,40,5.66,CL,1674925462
hofn,64.2539,-15.2082,3.39,3.39,3.39,95,100,5.74,IS,1674925462
yellowknife,62.456,-114.3525,-23.59,-23.59,-23.59,90,47,7.24,CA,1674925462
kaeo,-35.1,173.7833,21.29,21.29,21.29,96,99,2.77,NZ,1674925463
merke,42.8728,73.1786,-6.02,-6.02,-6.02,69,14,2.49,KZ,1674925463
zilina,49.1667,19.1667,-5.74,-5.32,-8.5,95,94,2.06,SK,1674925464
vyartsilya,62.1764,30.693,-1.82,-1.82,-1.82,96,100,5.72,RU,1674925464
hassan,13.0006,76.0994,18.11,18.11,18.11,44,92,0.59,IN,1674925464
vigrestad,58.5667,5.7,5.33,6.09,4.89,87,99,7.06,NO,1674925465
gangakher,18.95,76.75,24.13,24.13,24.13,24,0,2.38,IN,1674925465
ambon,-3.6954,128.1814,25.08,25.08,25.08,94,40,3.6,ID,1674925465
mumford,5.2618,-0.759,27.94,27.94,27.94,77,52,6.25,GH,1674925466
dzyhivka,48.359,28.3158,-1.21,-1.21,-1.21,69,75,4.85,UA,1674925466
dibulla,11.2725,-73.3091,30.77,30.77,30.77,36,6,7.05,CO,1674925466
mount gambier,-37.8333,140.7667,15.2,15.2,15.2,96,100,2.92,AU,1674925258
talnakh,69.4865,88.3972,-18.72,-18.72,-18.72,96,99,2.9,RU,1674925467
broken hill,-31.95,141.4333,28.6,28.6,28.6,24,100,5.91,AU,1674925468
asyut,27.181,31.1837,22.69,22.69,22.69,20,4,2.8,EG,1674925468
murupara,-38.4667,176.7,19.82,19.82,19.82,99,100,2.07,NZ,1674925468
hami,42.8,93.45,-7.62,-7.62,-7.62,32,0,0.82,CN,1674925469
long,18.0761,99.8326,19.1,19.1,19.1,60,0,0.62,TH,1674925253
banikoara,11.2985,2.4386,34.62,34.62,34.62,9,38,1.31,BJ,1674925469
neumunster,54.0667,9.9833,1.67,2.16,0.92,91,71,3.13,DE,1674925470
margate,51.3813,1.3862,4.38,4.83,3.5,70,29,2.17,GB,1674925470
srivardhan,18.0333,73.0167,22.94,22.94,22.94,87,0,0.9,IN,1674925472
kieta,-6.2167,155.6333,26.16,26.16,26.16,84,18,1.02,PG,1674925473
savinka,50.0785,47.0994,-4.97,-4.97,-4.97,77,93,3.06,RU,1674925473
adrar,20.5022,-10.0711,20.33,20.33,20.33,27,35,4.71,MR,1674925473
bobcaygeon,44.5462,-78.542,-0.62,-0.62,-1.59,84,43,5.55,CA,1674925473
pisco,-13.7,-76.2167,24.03,24.03,24.03,78,0,4.63,PE,1674925474
yar-sale,66.8333,70.8333,-17.55,-17.55,-17.55,95,100,3.19,RU,1674925474
cabinda,-5.55,12.2,27.14,27.14,27.14,76,75,3.03,AO,1674925474
vallenar,-28.5708,-70.7581,30.75,30.75,30.75,32,0,4.04,CL,1674925474
camacha,33.0833,-16.3333,13.68,13.68,13.68,63,40,8.75,PT,1674925475
harper,4.375,-7.7169,28.69,28.69,28.69,70,73,3.41,LR,1674925475
tafo,6.7345,-1.6127,35.69,35.69,35.69,24,70,1.69,GH,1674925475
lluta,-16.0147,-72.0142,14.21,14.21,14.21,74,94,4.64,PE,1674925475
taltal,-25.4,-70.4833,22.38,22.38,22.38,71,28,3.16,CL,1674925475
basco,20.4487,121.9702,19.71,19.71,19.71,70,100,11.8,PH,1674925476
xam nua,20.4197,104.0439,4.71,4.71,4.71,67,1,1.12,LA,1674925477
khairagarh,26.95,77.8167,13.38,13.38,13.38,33,18,0.59,IN,1674925478
jacareacanga,-6.2222,-57.7528,26.4,26.4,26.4,92,100,1.94,BR,1674925478
pathein,16.7833,94.7333,21.85,21.85,21.85,78,0,2.46,MM,1674925478
tokur,53.1333,132.9,-39.55,-39.55,-39.55,100,88,1.09,RU,1674925478
quang ngai,15.1167,108.8,17.31,17.31,17.31,91,100,2.92,VN,1674925201
belmonte,-15.8631,-38.8828,28.16,28.16,28.16,67,28,3.56,BR,1674925478
jiuquan,39.7432,98.5174,-10.36,-10.36,-10.36,56,1,1.45,CN,1674925479
chara,56.9064,118.2631,-21.71,-21.71,-21.71,80,92,0.99,RU,1674925479
boguchany,58.3814,97.4531,-13.5,-13.5,-13.5,99,100,1.26,RU,1674925479
howell,42.6073,-83.9294,-2.15,-1.27,-3.31,75,75,2.57,US,1674925480
tigil,57.8,158.6667,-22.21,-22.21,-22.21,95,32,1.37,RU,1674925480
birao,10.2849,22.7882,29.01,29.01,29.01,11,87,2.43,CF,1674925480
qarchi gak,37.04,66.7889,1.87,1.87,1.87,66,100,3.53,AF,1674925480
methoni,36.8197,21.7049,10.92,12.9,10.92,61,57,1.35,GR,1674925480
stillwater,36.1156,-97.0584,13.06,13.95,11.16,58,0,10.29,US,1674925371
changchun,43.88,125.3228,-12.88,-12.88,-12.88,66,100,3.34,CN,1674925481
svetlaya,46.5389,138.3297,-19.88,-19.88,-19.88,73,99,4.14,RU,1674925481
la ronge,55.1001,-105.2842,-22.05,-22.05,-22.05,88,100,6.33,CA,1674925482
filingue,14.3521,3.3168,31.15,31.15,31.15,9,61,4.18,NE,1674925482
rongcheng,30.634,117.8517,0.87,0.87,0.87,42,15,1.61,CN,1674925483
sarakhs,36.5449,61.1577,2.35,2.35,2.35,66,47,2.43,IR,1674925483
bardiyah,31.7561,25.0865,15.12,15.12,15.12,62,8,4.06,LY,1674925483
kasongo-lunda,-6.4667,16.8167,25.91,25.91,25.91,74,54,1.1,CD,1674925483
visby,57.6409,18.296,2.09,2.25,1.7,93,100,6.69,SE,1674925484
tres arroyos,-38.3739,-60.2798,32.12,32.12,32.12,22,0,3.45,AR,1674925484
tripoli,32.8752,13.1875,12.85,12.85,12.85,44,0,5.18,LY,1674925418
chicama,-7.8447,-79.1469,21.3,21.3,21.3,59,100,4.12,PE,1674925484
bama,11.5221,13.6856,30.62,30.62,30.62,12,67,0.74,NG,1674925484
grave,51.759,5.7388,1.26,3.88,-1.06,79,20,1.54,NL,1674925407
nieuw amsterdam,5.8833,-55.0833,28.01,28.01,25.08,61,40,5.14,SR,1674925485
rajapur,25.3833,81.15,13.17,13.17,13.17,36,0,1.18,IN,1674925485
synya,65.3718,58.0387,-12.38,-12.38,-12.38,94,100,3.84,RU,1674925485
fort atkinson,42.9289,-88.8371,-8.42,-6.36,-8.95,79,100,0.45,US,1674925486
saint-malo,48.5,-1.8333,4.74,5.81,4.56,73,70,4.37,FR,1674925486
agirish,61.9247,63.0231,-14.53,-14.53,-14.53,91,7,3.72,RU,1674925486
chumikan,54.7183,135.315,-28.82,-28.82,-28.82,85,29,8.95,RU,1674925486
victoria point,-27.5833,153.3,24.14,24.98,22.51,89,51,0.94,AU,1674925487
ust-charyshskaya pristan,52.3934,83.6635,-7.92,-7.92,-7.92,69,1,6.62,RU,1674925487
meulaboh,4.1363,96.1285,24.28,24.28,24.28,87,99,1.6,ID,1674925487
alekseyevskaya,50.2896,42.1845,-7.88,-7.88,-7.88,93,85,2.44,RU,1674925487
rostovka,55.3842,71.8891,-9.3,-9.3,-9.3,94,100,5.37,RU,1674925487
beira,-19.8436,34.8389,28.98,28.98,28.98,57,43,3.12,MZ,1674925285
flinders,-34.5833,150.8552,23.84,24.1,21.81,90,98,1.79,AU,1674925488
saijo,33.9167,133.1833,0.07,1.38,0.07,77,92,3.9,JP,1674925411
mocuba,-16.8392,36.9856,26.72,26.72,26.72,72,76,2.3,MZ,1674925488
kununurra,-15.7667,128.7333,26.99,26.99,26.99,89,40,0.0,AU,1674925369
teguldet,57.3064,88.1667,-7.89,-7.89,-7.89,93,100,4.98,RU,1674925489
rock sound,24.9,-76.2,23.58,23.58,23.58,77,94,10.9,BS,1674925489
storforshei,66.4043,14.5233,-0.12,0.92,-0.13,92,75,4.63,NO,1674925490
salinopolis,-0.6136,-47.3561,27.43,27.43,27.43,73,96,3.42,BR,1674925490
akdepe,42.0551,59.3788,-0.67,-0.67,-0.67,48,0,4.45,TM,1674925490
dothan,31.2232,-85.3905,13.35,14.11,12.58,38,0,3.6,US,1674925490
khudumelapye,-23.8833,24.75,32.68,32.68,32.68,17,41,1.96,BW,1674925490
bonthe,7.5264,-12.505,28.85,28.85,28.85,67,59,5.31,SL,1674925491
kokoda,-8.8785,147.7407,23.7,23.7,23.7,96,74,0.32,PG,1674925491
bousso,10.4795,16.7117,33.32,33.32,33.32,11,93,0.9,TD,1674925491
visavadar,21.3833,70.6833,20.57,20.57,20.57,65,4,1.26,IN,1674925492
port blair,11.6667,92.75,28.02,28.02,28.02,69,40,2.57,IN,1674925201
charyshskoye,51.3978,83.5598,-13.11,-13.11,-13.11,87,9,2.57,RU,1674925492
praia da vitoria,38.7333,-27.0667,15.98,15.98,15.98,77,85,4.39,PT,1674925492
taree,-31.9,152.4667,22.85,22.9,22.26,94,57,1.78,AU,1674925396
kuala terengganu,5.3302,103.1408,27.21,27.21,27.21,86,100,4.74,MY,1674925338
waipawa,-41.4122,175.5153,16.59,16.59,16.59,98,100,2.22,NZ,1674925493
mayumba,-3.432,10.6554,26.44,26.44,26.44,77,98,1.74,GA,1674925493
haines junction,60.7522,-137.5108,-18.04,-18.04,-18.04,100,97,0.38,CA,1674925493
muret,43.3333,1.25,3.0,3.69,2.94,85,100,1.34,FR,1674925493
morgan city,29.6994,-91.2068,20.05,20.57,19.44,64,0,6.17,US,1674925494
port macquarie,-31.4333,152.9167,21.61,21.61,21.61,91,47,4.37,AU,1674925378
thinadhoo,0.5333,72.9333,27.35,27.35,27.35,77,64,5.73,MV,1674925494
rawson,-43.3002,-65.1023,26.92,26.92,26.92,27,0,2.26,AR,1674925494
shingu,33.7333,135.9833,0.42,0.42,0.42,68,3,3.82,JP,1674925201
nishihara,26.1842,127.7558,10.6,10.6,9.81,82,75,6.69,JP,1674925201
nyurba,63.2842,118.3319,-48.08,-48.08,-48.08,100,63,1.29,RU,1674925495
boysun,38.2061,67.1986,0.0,0.0,0.0,61,100,2.01,UZ,1674925495
cajamarca,-7.1638,-78.5003,20.04,20.04,20.04,64,75,3.6,PE,1674925495
piacabucu,-10.4056,-36.4344,29.95,29.95,29.95,54,5,5.68,BR,1674925495
tateyama,34.9833,139.8667,5.38,5.38,5.38,60,42,4.8,JP,1674925214
hay river,60.8156,-115.7999,-20.94,-20.94,-20.94,87,65,6.67,CA,1674925495
bowen,-20.0167,148.2333,25.65,25.65,25.65,86,40,5.64,AU,1674925496
nikki,9.9401,3.2108,36.07,36.07,36.07,11,74,1.4,BJ,1674925496
manta,-0.95,-80.7333,28.88,28.88,28.88,65,40,3.09,EC,1674925496
mtwara,-10.2667,40.1833,26.24,26.24,26.24,79,23,4.92,TZ,1674925497
port-gentil,-0.7193,8.7815,27.31,27.31,27.31,73,66,4.12,GA,1674925290
barstow,34.8986,-117.0228,7.55,8.98,7.55,41,0,0.91,US,1674925497
mangrol,21.1167,70.1167,21.61,21.61,21.61,72,0,3.26,IN,1674925497
wanaka,-44.7,169.15,13.39,13.39,13.39,77,0,0.89,NZ,1674925200
jalu,29.0331,21.5482,15.14,15.14,15.14,36,27,3.46,LY,1674925498
calvinia,-31.4707,19.776,23.45,23.45,23.45,43,1,9.5,ZA,1674925498
bluefield,37.2698,-81.2223,7.15,8.06,5.59,49,0,4.63,US,1674925498
concepcion del oro,24.6333,-101.4167,13.96,13.96,13.96,40,100,3.23,MX,1674925498
kiunga,-6.1219,141.2906,23.3,23.3,23.3,100,100,0.58,PG,1674925499
kapoeta,4.7717,33.5903,31.91,31.91,31.91,22,3,6.51,SS,1674925499
gatton,-27.55,152.2833,22.03,22.46,20.52,97,12,0.25,AU,1674925500
kalmunai,7.4167,81.8167,22.91,22.91,22.91,75,98,4.42,LK,1674925500
hasaki,35.7333,140.8333,-0.78,-0.78,-2.1,41,56,5.48,JP,1674925371
hervey bay,-25.2986,152.8535,24.51,24.51,24.51,83,8,2.53,AU,1674925500
ostersund,63.1792,14.6357,0.25,0.34,0.25,86,75,9.26,SE,1674925500
fuerte olimpo,-21.0415,-57.8738,35.01,35.01,35.01,42,90,2.29,PY,1674925501
manturovo,58.3353,44.7619,-18.09,-18.09,-18.09,100,86,1.88,RU,1674925501
hovd,48.0056,91.6419,-17.84,-17.84,-17.84,82,1,0.65,MN,1674925501
russkaya polyana,49.417,31.9201,-1.96,-1.96,-1.96,67,76,3.89,UA,1674925502
magadan,59.5667,150.8,-18.33,-18.33,-18.33,90,100,3.98,RU,1674925502
namatanai,-3.6667,152.4333,26.33,26.33,26.33,82,34,2.54,PG,1674925429
swellendam,-34.0226,20.4417,16.01,16.01,16.01,84,100,4.81,ZA,1674925503
iki-burul,45.8208,44.6472,0.15,0.15,0.15,92,98,6.21,RU,1674925503
uyuni,-20.4597,-66.825,18.91,18.91,18.91,27,98,7.25,BO,1674925504
shache,38.4167,77.2406,-9.96,-9.96,-9.96,94,79,0.78,CN,1674925504
yamada,39.4667,141.95,-4.63,-4.63,-4.63,54,48,6.12,JP,1674925293
san martin,-33.081,-68.4681,31.18,31.18,31.18,31,1,4.47,AR,1674925504
